			-- LOCATION --
INSERT INTO LOCATION ( CITY ) VALUES ("Paris"		);
INSERT INTO LOCATION ( CITY ) VALUES ("New York"	);
INSERT INTO LOCATION ( CITY ) VALUES ("Belfort"		);
INSERT INTO LOCATION ( CITY ) VALUES ("Londres"		);
INSERT INTO LOCATION ( CITY ) VALUES ("Miami"		);
INSERT INTO LOCATION ( CITY ) VALUES ("Berlin"		);
INSERT INTO LOCATION ( CITY ) VALUES ("Lyon"		);
INSERT INTO LOCATION ( CITY ) VALUES ("Tokyo"		);
INSERT INTO LOCATION ( CITY ) VALUES ("Brest"		);
INSERT INTO LOCATION ( CITY ) VALUES ("Lille"		);
INSERT INTO LOCATION ( CITY ) VALUES ("Sévenans"	);
INSERT INTO LOCATION ( CITY ) VALUES ("Bordeaux"	);
INSERT INTO LOCATION ( CITY ) VALUES ("Strasbourg"	);


			-- COURSE --
INSERT INTO COURSE ( CODE, TITLE ) VALUES ("BD50",	"Violence verbal");
INSERT INTO COURSE ( CODE, TITLE ) VALUES ("AG51",	"Blagues et comptines");
INSERT INTO COURSE ( CODE, TITLE ) VALUES ("SO01",	"Sociologie de la sociologie");
INSERT INTO COURSE ( CODE, TITLE ) VALUES ("GE07",	"Gestion des sous");
INSERT INTO COURSE ( CODE, TITLE ) VALUES ("TR53",	"Naration");
INSERT INTO COURSE ( CODE, TITLE ) VALUES ("PITCH",	"Alimentation");
INSERT INTO COURSE ( CODE, TITLE ) VALUES ("NATURE",	"Sensibilisation à la forêt");
INSERT INTO COURSE ( CODE, TITLE ) VALUES ("SPORT",	"Du sport");
INSERT INTO COURSE ( CODE, TITLE ) VALUES ("INTERNET",	"Web 2.0");
INSERT INTO COURSE ( CODE, TITLE ) VALUES ("JAVA",	"Projet java");
INSERT INTO COURSE ( CODE, TITLE ) VALUES ("MOBILE",	"Developpement mobile");
INSERT INTO COURSE ( CODE, TITLE ) VALUES ("RE41",	"Pause café");
INSERT INTO COURSE ( CODE, TITLE ) VALUES ("EC02", "Capitalisme");
INSERT INTO COURSE ( CODE, TITLE ) VALUES ("HT07", "Patrimoine industriel");
INSERT INTO COURSE ( CODE, TITLE ) VALUES ("IA54", "SMA");
INSERT INTO COURSE ( CODE, TITLE ) VALUES ("IN54", "Reconnaissance des formes");
INSERT INTO COURSE ( CODE, TITLE ) VALUES ("LO54", "JEAADFrameworks");



			-- COURSE_SESSION --
INSERT INTO COURSE_SESSION ( ID, START, END, COURSE_CODE, LOCATION_ID) VALUES (NULL, "2013-11-12 14:00:00","2013-11-12 16:00:00", "AG51", "1");
INSERT INTO COURSE_SESSION ( START, END, COURSE_CODE, LOCATION_ID) VALUES ("2013-11-19 14:00:00","2013-11-19 16:00:00", "AG51", "1");
INSERT INTO COURSE_SESSION ( START, END, COURSE_CODE, LOCATION_ID) VALUES ("2013-11-26 14:00:00","2013-11-26 16:00:00", "AG51", "1");
INSERT INTO COURSE_SESSION ( START, END, COURSE_CODE, LOCATION_ID) VALUES ("2013-12-03 14:00:00","2013-12-03 16:00:00", "AG51", "4");
INSERT INTO COURSE_SESSION ( START, END, COURSE_CODE, LOCATION_ID) VALUES ("2013-12-10 14:00:00","2013-12-10 16:00:00", "IN54", "4");
INSERT INTO COURSE_SESSION ( START, END, COURSE_CODE, LOCATION_ID) VALUES ("2013-12-17 14:00:00","2013-12-17 16:00:00", "HT07", "4");

INSERT INTO COURSE_SESSION ( START, END, COURSE_CODE, LOCATION_ID) VALUES ('2013-12-17 14:00:00','2013-12-17 16:00:00', "RE41", 2);
INSERT INTO COURSE_SESSION ( START, END, COURSE_CODE, LOCATION_ID) VALUES ('2013-12-15 10:00:00','2013-12-15 12:00:00', "EC02", 2);
INSERT INTO COURSE_SESSION ( START, END, COURSE_CODE, LOCATION_ID) VALUES ('2013-12-18 10:00:00','2013-12-18 12:00:00', "RE41", 1);
INSERT INTO COURSE_SESSION ( START, END, COURSE_CODE, LOCATION_ID) VALUES ('2013-12-18 10:00:00','2013-12-18 12:00:00', "RE41", 1);
INSERT INTO COURSE_SESSION ( START, END, COURSE_CODE, LOCATION_ID) VALUES ('2013-11-18 10:00:00','2013-11-18 12:00:00', "RE41", 5);
INSERT INTO COURSE_SESSION ( START, END, COURSE_CODE, LOCATION_ID) VALUES ('2013-11-19 16:00:00','2013-11-19 18:00:00', "AG51", 5);

INSERT INTO COURSE_SESSION ( START, END, COURSE_CODE, LOCATION_ID) VALUES ('2013-11-19 16:00:00','2013-11-19 18:00:00', "BD50", 3);
INSERT INTO COURSE_SESSION ( START, END, COURSE_CODE, LOCATION_ID) VALUES ('2013-11-20 16:00:00','2013-11-20 18:00:00', "BD50", 1);

INSERT INTO COURSE_SESSION ( START, END, COURSE_CODE, LOCATION_ID) VALUES ('2013-11-20 16:00:00','2013-11-20 18:00:00', "LO54", 7);
INSERT INTO COURSE_SESSION ( START, END, COURSE_CODE, LOCATION_ID) VALUES ('2013-12-20 16:00:00','2013-12-20 18:00:00', "LO54", 8);

			-- CLIENT --
INSERT INTO CLIENT ( LASTNAME, FIRSTNAME, ADDRESS, PHONE, EMAIL, SESSION_ID)
	VALUES ("Duponte"	, "Dupont"	, "14 rue des Duponts, Dupontville"	, "11111111", "dupont@ducon.com", 1);				
INSERT INTO CLIENT ( LASTNAME, FIRSTNAME, ADDRESS, PHONE, EMAIL, SESSION_ID)
	VALUES ("Bernard"	, "Claude"	, "14 rue des Claude, Bernardville"	, "22222222", "bernard@claude.com", 2);				
INSERT INTO CLIENT ( LASTNAME, FIRSTNAME, ADDRESS, PHONE, EMAIL, SESSION_ID)
	VALUES ("Fifou"	, "Louloup"	, "14 rue des bois dormant, Viloville"	, "33333333", "loup@lamaison.com", 3);				




